{
  "v": "5.7.4",
  "fr": 27.0050048828125,
  "ip": 35.0000063283998,
  "op": 93.0000168154624,
  "w": 1080,
  "h": 1080,
  "nm": "Comp 2",
  "ddd": 0,
  "assets": [ ],
  "layers": [
  {
  "ddd": 0,
  "ind": 1,
  "ty": 4,
  "nm": "Shape Layer 2",
  "sr": 1,
  "ks": {
  "o": {
  "a": 0,
  "k": 100,
  "ix": 11
  },
  "r": {
  "a": 0,
  "k": 0,
  "ix": 10
  },
  "p": {
  "a": 0,
  "k": [
  540,
  540,
  0
  ],
  "ix": 2,
  "l": 2
  },
  "a": {
  "a": 0,
  "k": [
  0,
  0,
  0
  ],
  "ix": 1,
  "l": 2
  },
  "s": {
  "a": 0,
  "k": [
  100,
  100,
  100
  ],
  "ix": 6,
  "l": 2
  }
  },
  "ao": 0,
  "shapes": [
  {
  "ty": "gr",
  "it": [
  {
  "ind": 0,
  "ty": "sh",
  "ix": 1,
  "ks": {
  "a": 0,
  "k": {
  "i": [
  [
  0,
  0
  ],
  [
  0,
  0
  ],
  [
  0,
  0
  ]
  ],
  "o": [
  [
  0,
  0
  ],
  [
  0,
  0
  ],
  [
  0,
  0
  ]
  ],
  "v": [
  [
  -290,
  -87
  ],
  [
  -49,
  153
  ],
  [
  197,
  -94
  ]
  ],
  "c": false
  },
  "ix": 2
  },
  "nm": "Path 1",
  "mn": "ADBE Vector Shape - Group",
  "hd": false
  },
  {
  "ty": "tm",
  "s": {
  "a": 1,
  "k": [
  {
  "i": {
  "x": [
  0.667
  ],
  "y": [
  1
  ]
  },
  "o": {
  "x": [
  0.167
  ],
  "y": [
  0.167
  ]
  },
  "t": 53.666,
  "s": [
  0
  ]
  },
  {
  "t": 59.3337607282198,
  "s": [
  31
  ]
  }
  ],
  "ix": 1
  },
  "e": {
  "a": 1,
  "k": [
  {
  "i": {
  "x": [
  0.667
  ],
  "y": [
  1
  ]
  },
  "o": {
  "x": [
  0.167
  ],
  "y": [
  0.167
  ]
  },
  "t": 53.666,
  "s": [
  0
  ]
  },
  {
  "t": 60.0000108486854,
  "s": [
  100
  ]
  }
  ],
  "ix": 2
  },
  "o": {
  "a": 0,
  "k": 0,
  "ix": 3
  },
  "m": 1,
  "ix": 2,
  "nm": "Trim Paths 1",
  "mn": "ADBE Vector Filter - Trim",
  "hd": false
  },
  {
  "ty": "st",
  "c": {
  "a": 0,
  "k": [
  0.052263151431,
  0.694117647059,
  0,
  1
  ],
  "ix": 3
  },
  "o": {
  "a": 0,
  "k": 100,
  "ix": 4
  },
  "w": {
  "a": 0,
  "k": 65,
  "ix": 5
  },
  "lc": 2,
  "lj": 2,
  "bm": 0,
  "nm": "Stroke 1",
  "mn": "ADBE Vector Graphic - Stroke",
  "hd": false
  },
  {
  "ty": "tr",
  "p": {
  "a": 0,
  "k": [
  0,
  0
  ],
  "ix": 2
  },
  "a": {
  "a": 0,
  "k": [
  0,
  0
  ],
  "ix": 1
  },
  "s": {
  "a": 0,
  "k": [
  100,
  100
  ],
  "ix": 3
  },
  "r": {
  "a": 0,
  "k": 0,
  "ix": 6
  },
  "o": {
  "a": 0,
  "k": 100,
  "ix": 7
  },
  "sk": {
  "a": 0,
  "k": 0,
  "ix": 4
  },
  "sa": {
  "a": 0,
  "k": 0,
  "ix": 5
  },
  "nm": "Transform"
  }
  ],
  "nm": "Shape 1",
  "np": 4,
  "cix": 2,
  "bm": 0,
  "ix": 1,
  "mn": "ADBE Vector Group",
  "hd": false
  }
  ],
  "ip": 0,
  "op": 270.000048819084,
  "st": 0,
  "bm": 0
  },
  {
  "ddd": 0,
  "ind": 2,
  "ty": 4,
  "nm": "Shape Layer 1",
  "sr": 1,
  "ks": {
  "o": {
  "a": 0,
  "k": 100,
  "ix": 11
  },
  "r": {
  "a": 0,
  "k": 0,
  "ix": 10
  },
  "p": {
  "a": 0,
  "k": [
  540,
  540,
  0
  ],
  "ix": 2,
  "l": 2
  },
  "a": {
  "a": 0,
  "k": [
  0,
  0,
  0
  ],
  "ix": 1,
  "l": 2
  },
  "s": {
  "a": 0,
  "k": [
  100,
  100,
  100
  ],
  "ix": 6,
  "l": 2
  }
  },
  "ao": 0,
  "shapes": [
  {
  "ty": "gr",
  "it": [
  {
  "d": 1,
  "ty": "el",
  "s": {
  "a": 0,
  "k": [
  710.812,
  710.812
  ],
  "ix": 2
  },
  "p": {
  "a": 0,
  "k": [
  0,
  0
  ],
  "ix": 3
  },
  "nm": "Ellipse Path 1",
  "mn": "ADBE Vector Shape - Ellipse",
  "hd": false
  },
  {
  "ty": "st",
  "c": {
  "a": 0,
  "k": [
  0.052263151431,
  0.694117647059,
  0,
  1
  ],
  "ix": 3
  },
  "o": {
  "a": 0,
  "k": 100,
  "ix": 4
  },
  "w": {
  "a": 0,
  "k": 65,
  "ix": 5
  },
  "lc": 2,
  "lj": 2,
  "bm": 0,
  "nm": "Stroke 1",
  "mn": "ADBE Vector Graphic - Stroke",
  "hd": false
  },
  {
  "ty": "tr",
  "p": {
  "a": 0,
  "k": [
  26.008,
  29.93
  ],
  "ix": 2
  },
  "a": {
  "a": 0,
  "k": [
  0,
  0
  ],
  "ix": 1
  },
  "s": {
  "a": 0,
  "k": [
  100,
  100
  ],
  "ix": 3
  },
  "r": {
  "a": 0,
  "k": 0,
  "ix": 6
  },
  "o": {
  "a": 0,
  "k": 100,
  "ix": 7
  },
  "sk": {
  "a": 0,
  "k": 0,
  "ix": 4
  },
  "sa": {
  "a": 0,
  "k": 0,
  "ix": 5
  },
  "nm": "Transform"
  }
  ],
  "nm": "Ellipse 1",
  "np": 3,
  "cix": 2,
  "bm": 0,
  "ix": 1,
  "mn": "ADBE Vector Group",
  "hd": false
  },
  {
  "ty": "tm",
  "s": {
  "a": 1,
  "k": [
  {
  "i": {
  "x": [
  0.833
  ],
  "y": [
  0.833
  ]
  },
  "o": {
  "x": [
  0.333
  ],
  "y": [
  0
  ]
  },
  "t": 39,
  "s": [
  100
  ]
  },
  {
  "t": 53.6662597034711,
  "s": [
  0
  ]
  }
  ],
  "ix": 1
  },
  "e": {
  "a": 0,
  "k": 100,
  "ix": 2
  },
  "o": {
  "a": 0,
  "k": -77,
  "ix": 3
  },
  "m": 1,
  "ix": 2,
  "nm": "Trim Paths 1",
  "mn": "ADBE Vector Filter - Trim",
  "hd": false
  }
  ],
  "ip": 0,
  "op": 270.000048819084,
  "st": 0,
  "bm": 0
  }
  ],
  "markers": [ ]
  }