{
  "v": "5.7.8",
  "fr": 29.9700012207031,
  "ip": 0,
  "op": 30.0000012219251,
  "w": 500,
  "h": 500,
  "nm": "Loading",
  "ddd": 0,
  "assets": [ ],
  "layers": [
  {
  "ddd": 0,
  "ind": 1,
  "ty": 4,
  "nm": "Shape Layer 4",
  "sr": 1,
  "ks": {
  "o": {
  "a": 0,
  "k": 100,
  "ix": 11
  },
  "r": {
  "a": 0,
  "k": 0,
  "ix": 10
  },
  "p": {
  "a": 1,
  "k": [
  {
  "i": {
  "x": 0.833,
  "y": 1
  },
  "o": {
  "x": 0.167,
  "y": 0
  },
  "t": 13,
  "s": [
  546,
  266,
  0
  ],
  "to": [
  0,
  -11,
  0
  ],
  "ti": [
  0,
  0,
  0
  ]
  },
  {
  "i": {
  "x": 0.833,
  "y": 1
  },
  "o": {
  "x": 0.167,
  "y": 0
  },
  "t": 17,
  "s": [
  546,
  200,
  0
  ],
  "to": [
  0,
  0,
  0
  ],
  "ti": [
  0,
  -11,
  0
  ]
  },
  {
  "t": 21.0000008553475,
  "s": [
  546,
  266,
  0
  ]
  }
  ],
  "ix": 2,
  "l": 2,
  "x": "var $bm_rt;\nvar $bm_rt;\nvar n, n, t, t, v, amp, freq, decay;\n$bm_rt = $bm_rt = n = 0;\nif (numKeys > 0) {\n    $bm_rt = $bm_rt = n = nearestKey(time).index;\n    if (key(n).time > time) {\n        n--;\n    }\n}\nif (n == 0) {\n    $bm_rt = $bm_rt = t = 0;\n} else {\n    $bm_rt = $bm_rt = t = sub(time, key(n).time);\n}\nif (n > 0 && t < 1) {\n    v = velocityAtTime(sub(key(n).time, div(thisComp.frameDuration, 10)));\n    amp = 0.05;\n    freq = 4;\n    decay = 8;\n    $bm_rt = $bm_rt = add(value, div(mul(mul(v, amp), Math.sin(mul(mul(mul(freq, t), 2), Math.PI))), Math.exp(mul(decay, t))));\n} else {\n    $bm_rt = $bm_rt = value;\n}"
  },
  "a": {
  "a": 0,
  "k": [
  0,
  0,
  0
  ],
  "ix": 1,
  "l": 2
  },
  "s": {
  "a": 0,
  "k": [
  100,
  100,
  100
  ],
  "ix": 6,
  "l": 2
  }
  },
  "ao": 0,
  "shapes": [
  {
  "ty": "gr",
  "it": [
  {
  "d": 1,
  "ty": "el",
  "s": {
  "a": 0,
  "k": [
  45.137,
  45.137
  ],
  "ix": 2
  },
  "p": {
  "a": 0,
  "k": [
  0,
  0
  ],
  "ix": 3
  },
  "nm": "Ellipse Path 1",
  "mn": "ADBE Vector Shape - Ellipse",
  "hd": false
  },
  {
  "ty": "st",
  "c": {
  "a": 0,
  "k": [
  1,
  0.7490196078431373,
  0.24705882352941178,
  1
  ],
  "ix": 3
  },
  "o": {
  "a": 0,
  "k": 100,
  "ix": 4
  },
  "w": {
  "a": 0,
  "k": 8,
  "ix": 5
  },
  "lc": 1,
  "lj": 1,
  "ml": 4,
  "bm": 0,
  "nm": "Stroke 1",
  "mn": "ADBE Vector Graphic - Stroke",
  "hd": false
  },
  {
  "ty": "fl",
  "c": {
  "a": 0,
  "k": [
  1,
  0.7490196078431373,
  0.24705882352941178,
  1
  ],
  "ix": 4
  },
  "o": {
  "a": 0,
  "k": 100,
  "ix": 5
  },
  "r": 1,
  "bm": 0,
  "nm": "Fill 1",
  "mn": "ADBE Vector Graphic - Fill",
  "hd": false
  },
  {
  "ty": "tr",
  "p": {
  "a": 0,
  "k": [
  -167.432,
  -17.432
  ],
  "ix": 2
  },
  "a": {
  "a": 0,
  "k": [
  0,
  0
  ],
  "ix": 1
  },
  "s": {
  "a": 0,
  "k": [
  100,
  100
  ],
  "ix": 3
  },
  "r": {
  "a": 0,
  "k": 0,
  "ix": 6
  },
  "o": {
  "a": 0,
  "k": 100,
  "ix": 7
  },
  "sk": {
  "a": 0,
  "k": 0,
  "ix": 4
  },
  "sa": {
  "a": 0,
  "k": 0,
  "ix": 5
  },
  "nm": "Transform"
  }
  ],
  "nm": "Ellipse 1",
  "np": 3,
  "cix": 2,
  "bm": 0,
  "ix": 1,
  "mn": "ADBE Vector Group",
  "hd": false
  }
  ],
  "ip": 0,
  "op": 30.0000012219251,
  "st": 0,
  "bm": 0
  },
  {
  "ddd": 0,
  "ind": 2,
  "ty": 4,
  "nm": "Shape Layer 3",
  "sr": 1,
  "ks": {
  "o": {
  "a": 0,
  "k": 100,
  "ix": 11
  },
  "r": {
  "a": 0,
  "k": 0,
  "ix": 10
  },
  "p": {
  "a": 1,
  "k": [
  {
  "i": {
  "x": 0.833,
  "y": 1
  },
  "o": {
  "x": 0.167,
  "y": 0
  },
  "t": 9,
  "s": [
  454,
  266,
  0
  ],
  "to": [
  0,
  -11,
  0
  ],
  "ti": [
  0,
  0,
  0
  ]
  },
  {
  "i": {
  "x": 0.833,
  "y": 1
  },
  "o": {
  "x": 0.167,
  "y": 0
  },
  "t": 13,
  "s": [
  454,
  200,
  0
  ],
  "to": [
  0,
  0,
  0
  ],
  "ti": [
  0,
  -11,
  0
  ]
  },
  {
  "t": 17.0000006924242,
  "s": [
  454,
  266,
  0
  ]
  }
  ],
  "ix": 2,
  "l": 2,
  "x": "var $bm_rt;\nvar $bm_rt;\nvar n, n, t, t, v, amp, freq, decay;\n$bm_rt = $bm_rt = n = 0;\nif (numKeys > 0) {\n    $bm_rt = $bm_rt = n = nearestKey(time).index;\n    if (key(n).time > time) {\n        n--;\n    }\n}\nif (n == 0) {\n    $bm_rt = $bm_rt = t = 0;\n} else {\n    $bm_rt = $bm_rt = t = sub(time, key(n).time);\n}\nif (n > 0 && t < 1) {\n    v = velocityAtTime(sub(key(n).time, div(thisComp.frameDuration, 10)));\n    amp = 0.05;\n    freq = 4;\n    decay = 8;\n    $bm_rt = $bm_rt = add(value, div(mul(mul(v, amp), Math.sin(mul(mul(mul(freq, t), 2), Math.PI))), Math.exp(mul(decay, t))));\n} else {\n    $bm_rt = $bm_rt = value;\n}"
  },
  "a": {
  "a": 0,
  "k": [
  0,
  0,
  0
  ],
  "ix": 1,
  "l": 2
  },
  "s": {
  "a": 0,
  "k": [
  100,
  100,
  100
  ],
  "ix": 6,
  "l": 2
  }
  },
  "ao": 0,
  "shapes": [
  {
  "ty": "gr",
  "it": [
  {
  "d": 1,
  "ty": "el",
  "s": {
  "a": 0,
  "k": [
  45.137,
  45.137
  ],
  "ix": 2
  },
  "p": {
  "a": 0,
  "k": [
  0,
  0
  ],
  "ix": 3
  },
  "nm": "Ellipse Path 1",
  "mn": "ADBE Vector Shape - Ellipse",
  "hd": false
  },
  {
  "ty": "st",
  "c": {
  "a": 0,
  "k": [
  0.3568627450980392,
  0.7607843137254902,
  0.9058823529411765,
  1
  ],
  "ix": 3
  },
  "o": {
  "a": 0,
  "k": 100,
  "ix": 4
  },
  "w": {
  "a": 0,
  "k": 8,
  "ix": 5
  },
  "lc": 1,
  "lj": 1,
  "ml": 4,
  "bm": 0,
  "nm": "Stroke 1",
  "mn": "ADBE Vector Graphic - Stroke",
  "hd": false
  },
  {
  "ty": "fl",
  "c": {
  "a": 0,
  "k": [
  0.3568627450980392,
  0.7607843137254902,
  0.9058823529411765,
  1
  ],
  "ix": 4
  },
  "o": {
  "a": 0,
  "k": 100,
  "ix": 5
  },
  "r": 1,
  "bm": 0,
  "nm": "Fill 1",
  "mn": "ADBE Vector Graphic - Fill",
  "hd": false
  },
  {
  "ty": "tr",
  "p": {
  "a": 0,
  "k": [
  -167.432,
  -17.432
  ],
  "ix": 2
  },
  "a": {
  "a": 0,
  "k": [
  0,
  0
  ],
  "ix": 1
  },
  "s": {
  "a": 0,
  "k": [
  100,
  100
  ],
  "ix": 3
  },
  "r": {
  "a": 0,
  "k": 0,
  "ix": 6
  },
  "o": {
  "a": 0,
  "k": 100,
  "ix": 7
  },
  "sk": {
  "a": 0,
  "k": 0,
  "ix": 4
  },
  "sa": {
  "a": 0,
  "k": 0,
  "ix": 5
  },
  "nm": "Transform"
  }
  ],
  "nm": "Ellipse 1",
  "np": 3,
  "cix": 2,
  "bm": 0,
  "ix": 1,
  "mn": "ADBE Vector Group",
  "hd": false
  }
  ],
  "ip": 0,
  "op": 30.0000012219251,
  "st": -359.00001462237,
  "bm": 0
  },
  {
  "ddd": 0,
  "ind": 3,
  "ty": 4,
  "nm": "Shape Layer 2",
  "sr": 1,
  "ks": {
  "o": {
  "a": 0,
  "k": 100,
  "ix": 11
  },
  "r": {
  "a": 0,
  "k": 0,
  "ix": 10
  },
  "p": {
  "a": 1,
  "k": [
  {
  "i": {
  "x": 0.833,
  "y": 1
  },
  "o": {
  "x": 0.167,
  "y": 0
  },
  "t": 4,
  "s": [
  365,
  266,
  0
  ],
  "to": [
  0,
  -11,
  0
  ],
  "ti": [
  0,
  0,
  0
  ]
  },
  {
  "i": {
  "x": 0.833,
  "y": 1
  },
  "o": {
  "x": 0.167,
  "y": 0
  },
  "t": 9,
  "s": [
  365,
  200,
  0
  ],
  "to": [
  0,
  0,
  0
  ],
  "ti": [
  0,
  -11,
  0
  ]
  },
  {
  "t": 13.0000005295009,
  "s": [
  365,
  266,
  0
  ]
  }
  ],
  "ix": 2,
  "l": 2,
  "x": "var $bm_rt;\nvar $bm_rt;\nvar n, n, t, t, v, amp, freq, decay;\n$bm_rt = $bm_rt = n = 0;\nif (numKeys > 0) {\n    $bm_rt = $bm_rt = n = nearestKey(time).index;\n    if (key(n).time > time) {\n        n--;\n    }\n}\nif (n == 0) {\n    $bm_rt = $bm_rt = t = 0;\n} else {\n    $bm_rt = $bm_rt = t = sub(time, key(n).time);\n}\nif (n > 0 && t < 1) {\n    v = velocityAtTime(sub(key(n).time, div(thisComp.frameDuration, 10)));\n    amp = 0.05;\n    freq = 4;\n    decay = 8;\n    $bm_rt = $bm_rt = add(value, div(mul(mul(v, amp), Math.sin(mul(mul(mul(freq, t), 2), Math.PI))), Math.exp(mul(decay, t))));\n} else {\n    $bm_rt = $bm_rt = value;\n}"
  },
  "a": {
  "a": 0,
  "k": [
  0,
  0,
  0
  ],
  "ix": 1,
  "l": 2
  },
  "s": {
  "a": 0,
  "k": [
  100,
  100,
  100
  ],
  "ix": 6,
  "l": 2
  }
  },
  "ao": 0,
  "shapes": [
  {
  "ty": "gr",
  "it": [
  {
  "d": 1,
  "ty": "el",
  "s": {
  "a": 0,
  "k": [
  45.137,
  45.137
  ],
  "ix": 2
  },
  "p": {
  "a": 0,
  "k": [
  0,
  0
  ],
  "ix": 3
  },
  "nm": "Ellipse Path 1",
  "mn": "ADBE Vector Shape - Ellipse",
  "hd": false
  },
  {
  "ty": "st",
  "c": {
  "a": 0,
  "k": [
  0,
  0.7019607843137254,
  0.5333333333333333,
  1
  ],
  "ix": 3
  },
  "o": {
  "a": 0,
  "k": 100,
  "ix": 4
  },
  "w": {
  "a": 0,
  "k": 8,
  "ix": 5
  },
  "lc": 1,
  "lj": 1,
  "ml": 4,
  "bm": 0,
  "nm": "Stroke 1",
  "mn": "ADBE Vector Graphic - Stroke",
  "hd": false
  },
  {
  "ty": "fl",
  "c": {
  "a": 0,
  "k": [
  0,
  0.7019607843137254,
  0.5333333333333333,
  1
  ],
  "ix": 4
  },
  "o": {
  "a": 0,
  "k": 100,
  "ix": 5
  },
  "r": 1,
  "bm": 0,
  "nm": "Fill 1",
  "mn": "ADBE Vector Graphic - Fill",
  "hd": false
  },
  {
  "ty": "tr",
  "p": {
  "a": 0,
  "k": [
  -167.432,
  -17.432
  ],
  "ix": 2
  },
  "a": {
  "a": 0,
  "k": [
  0,
  0
  ],
  "ix": 1
  },
  "s": {
  "a": 0,
  "k": [
  100,
  100
  ],
  "ix": 3
  },
  "r": {
  "a": 0,
  "k": 0,
  "ix": 6
  },
  "o": {
  "a": 0,
  "k": 100,
  "ix": 7
  },
  "sk": {
  "a": 0,
  "k": 0,
  "ix": 4
  },
  "sa": {
  "a": 0,
  "k": 0,
  "ix": 5
  },
  "nm": "Transform"
  }
  ],
  "nm": "Ellipse 1",
  "np": 3,
  "cix": 2,
  "bm": 0,
  "ix": 1,
  "mn": "ADBE Vector Group",
  "hd": false
  }
  ],
  "ip": 0,
  "op": 30.0000012219251,
  "st": 0,
  "bm": 0
  },
  {
  "ddd": 0,
  "ind": 4,
  "ty": 4,
  "nm": "Shape Layer 1",
  "sr": 1,
  "ks": {
  "o": {
  "a": 0,
  "k": 100,
  "ix": 11
  },
  "r": {
  "a": 0,
  "k": 0,
  "ix": 10
  },
  "p": {
  "a": 1,
  "k": [
  {
  "i": {
  "x": 0.833,
  "y": 1
  },
  "o": {
  "x": 0.167,
  "y": 0
  },
  "t": 0,
  "s": [
  277,
  266,
  0
  ],
  "to": [
  0,
  -11,
  0
  ],
  "ti": [
  0,
  0,
  0
  ]
  },
  {
  "i": {
  "x": 0.833,
  "y": 1
  },
  "o": {
  "x": 0.167,
  "y": 0
  },
  "t": 4,
  "s": [
  277,
  200,
  0
  ],
  "to": [
  0,
  0,
  0
  ],
  "ti": [
  0,
  -11,
  0
  ]
  },
  {
  "t": 9.00000036657752,
  "s": [
  277,
  266,
  0
  ]
  }
  ],
  "ix": 2,
  "l": 2,
  "x": "var $bm_rt;\nvar $bm_rt;\nvar n, n, t, t, v, amp, freq, decay;\n$bm_rt = $bm_rt = n = 0;\nif (numKeys > 0) {\n    $bm_rt = $bm_rt = n = nearestKey(time).index;\n    if (key(n).time > time) {\n        n--;\n    }\n}\nif (n == 0) {\n    $bm_rt = $bm_rt = t = 0;\n} else {\n    $bm_rt = $bm_rt = t = sub(time, key(n).time);\n}\nif (n > 0 && t < 1) {\n    v = velocityAtTime(sub(key(n).time, div(thisComp.frameDuration, 10)));\n    amp = 0.05;\n    freq = 4;\n    decay = 8;\n    $bm_rt = $bm_rt = add(value, div(mul(mul(v, amp), Math.sin(mul(mul(mul(freq, t), 2), Math.PI))), Math.exp(mul(decay, t))));\n} else {\n    $bm_rt = $bm_rt = value;\n}"
  },
  "a": {
  "a": 0,
  "k": [
  0,
  0,
  0
  ],
  "ix": 1,
  "l": 2
  },
  "s": {
  "a": 0,
  "k": [
  100,
  100,
  100
  ],
  "ix": 6,
  "l": 2
  }
  },
  "ao": 0,
  "shapes": [
  {
  "ty": "gr",
  "it": [
  {
  "d": 1,
  "ty": "el",
  "s": {
  "a": 0,
  "k": [
  45.137,
  45.137
  ],
  "ix": 2
  },
  "p": {
  "a": 0,
  "k": [
  0,
  0
  ],
  "ix": 3
  },
  "nm": "Ellipse Path 1",
  "mn": "ADBE Vector Shape - Ellipse",
  "hd": false
  },
  {
  "ty": "st",
  "c": {
  "a": 0,
  "k": [
  0.06274509803921569,
  0.023529411764705882,
  0.6235294117647059,
  1
  ],
  "ix": 3
  },
  "o": {
  "a": 0,
  "k": 100,
  "ix": 4
  },
  "w": {
  "a": 0,
  "k": 8,
  "ix": 5
  },
  "lc": 1,
  "lj": 1,
  "ml": 4,
  "bm": 0,
  "nm": "Stroke 1",
  "mn": "ADBE Vector Graphic - Stroke",
  "hd": false
  },
  {
  "ty": "fl",
  "c": {
  "a": 0,
  "k": [
  0.06274509803921569,
  0.023529411764705882,
  0.6235294117647059,
  1
  ],
  "ix": 4
  },
  "o": {
  "a": 0,
  "k": 100,
  "ix": 5
  },
  "r": 1,
  "bm": 0,
  "nm": "Fill 1",
  "mn": "ADBE Vector Graphic - Fill",
  "hd": false
  },
  {
  "ty": "tr",
  "p": {
  "a": 0,
  "k": [
  -167.432,
  -17.432
  ],
  "ix": 2
  },
  "a": {
  "a": 0,
  "k": [
  0,
  0
  ],
  "ix": 1
  },
  "s": {
  "a": 0,
  "k": [
  100,
  100
  ],
  "ix": 3
  },
  "r": {
  "a": 0,
  "k": 0,
  "ix": 6
  },
  "o": {
  "a": 0,
  "k": 100,
  "ix": 7
  },
  "sk": {
  "a": 0,
  "k": 0,
  "ix": 4
  },
  "sa": {
  "a": 0,
  "k": 0,
  "ix": 5
  },
  "nm": "Transform"
  }
  ],
  "nm": "Ellipse 1",
  "np": 3,
  "cix": 2,
  "bm": 0,
  "ix": 1,
  "mn": "ADBE Vector Group",
  "hd": false
  }
  ],
  "ip": 0,
  "op": 30.0000012219251,
  "st": 0,
  "bm": 0
  }
  ],
  "markers": [ ]
  }